group,fixture,repeat,latency_ms,provenance
A,1,1,11.60,synthetic_arithmetic_not_hardware
A,1,2,12.65,synthetic_arithmetic_not_hardware
A,1,3,12.35,synthetic_arithmetic_not_hardware
A,1,4,12.05,synthetic_arithmetic_not_hardware
A,1,5,11.75,synthetic_arithmetic_not_hardware
A,1,6,12.80,synthetic_arithmetic_not_hardware
A,1,7,12.50,synthetic_arithmetic_not_hardware
A,1,8,12.20,synthetic_arithmetic_not_hardware
A,1,9,11.90,synthetic_arithmetic_not_hardware
A,1,10,11.60,synthetic_arithmetic_not_hardware
A,2,1,11.80,synthetic_arithmetic_not_hardware
A,2,2,12.85,synthetic_arithmetic_not_hardware
A,2,3,12.55,synthetic_arithmetic_not_hardware
A,2,4,12.25,synthetic_arithmetic_not_hardware
A,2,5,11.95,synthetic_arithmetic_not_hardware
A,2,6,13.00,synthetic_arithmetic_not_hardware
A,2,7,12.70,synthetic_arithmetic_not_hardware
A,2,8,12.40,synthetic_arithmetic_not_hardware
A,2,9,12.10,synthetic_arithmetic_not_hardware
A,2,10,11.80,synthetic_arithmetic_not_hardware
A,3,1,12.00,synthetic_arithmetic_not_hardware
A,3,2,13.05,synthetic_arithmetic_not_hardware
A,3,3,12.75,synthetic_arithmetic_not_hardware
A,3,4,12.45,synthetic_arithmetic_not_hardware
A,3,5,12.15,synthetic_arithmetic_not_hardware
A,3,6,13.20,synthetic_arithmetic_not_hardware
A,3,7,12.90,synthetic_arithmetic_not_hardware
A,3,8,12.60,synthetic_arithmetic_not_hardware
A,3,9,12.30,synthetic_arithmetic_not_hardware
A,3,10,12.00,synthetic_arithmetic_not_hardware
B,1,1,9.60,synthetic_arithmetic_not_hardware
B,1,2,10.65,synthetic_arithmetic_not_hardware
B,1,3,10.35,synthetic_arithmetic_not_hardware
B,1,4,10.05,synthetic_arithmetic_not_hardware
B,1,5,9.75,synthetic_arithmetic_not_hardware
B,1,6,10.80,synthetic_arithmetic_not_hardware
B,1,7,10.50,synthetic_arithmetic_not_hardware
B,1,8,10.20,synthetic_arithmetic_not_hardware
B,1,9,9.90,synthetic_arithmetic_not_hardware
B,1,10,9.60,synthetic_arithmetic_not_hardware
B,2,1,9.80,synthetic_arithmetic_not_hardware
B,2,2,10.85,synthetic_arithmetic_not_hardware
B,2,3,10.55,synthetic_arithmetic_not_hardware
B,2,4,10.25,synthetic_arithmetic_not_hardware
B,2,5,9.95,synthetic_arithmetic_not_hardware
B,2,6,11.00,synthetic_arithmetic_not_hardware
B,2,7,10.70,synthetic_arithmetic_not_hardware
B,2,8,10.40,synthetic_arithmetic_not_hardware
B,2,9,10.10,synthetic_arithmetic_not_hardware
B,2,10,9.80,synthetic_arithmetic_not_hardware
B,3,1,10.00,synthetic_arithmetic_not_hardware
B,3,2,11.05,synthetic_arithmetic_not_hardware
B,3,3,10.75,synthetic_arithmetic_not_hardware
B,3,4,10.45,synthetic_arithmetic_not_hardware
B,3,5,10.15,synthetic_arithmetic_not_hardware
B,3,6,11.20,synthetic_arithmetic_not_hardware
B,3,7,10.90,synthetic_arithmetic_not_hardware
B,3,8,10.60,synthetic_arithmetic_not_hardware
B,3,9,10.30,synthetic_arithmetic_not_hardware
B,3,10,10.00,synthetic_arithmetic_not_hardware
